"V1","V2"
"res1","results_all_off_30_50"
"res2","results_all_off_30_75"
"res3","results_all_off_45_50"
"res4","results_all_off_45_75"
"res5","results_all_off_60_50"
"res6","results_all_off_60_75"
"res7","results_all_peak_30_50"
"res8","results_all_peak_30_75"
"res9","results_all_peak_45_50"
"res10","results_all_peak_45_75"
"res11","results_all_peak_60_50"
"res12","results_all_peak_60_75"
"res13","results_low_off_30_50"
"res14","results_low_off_30_75"
"res15","results_low_off_45_50"
"res16","results_low_off_45_75"
"res17","results_low_off_60_50"
"res18","results_low_off_60_75"
"res19","results_low_peak_30_50"
"res20","results_low_peak_30_75"
"res21","results_low_peak_45_50"
"res22","results_low_peak_45_75"
"res23","results_low_peak_60_50"
"res24","results_low_peak_60_75"
